﻿<?xml version="1.0" encoding="utf-8"?><!--Created on Wed, 29 Dec 2021 18:05:59 GMT by MapsAlive V4.2.19--><!--WARNING: Do not edit this file. A modified archive cannot be imported back into MapsAlive.--><mapsAlive version="1.0"><resources><categories /><colorSchemes><colorScheme><id>130327</id><name>Black</name><layoutAreaBackgroundColor>#000000</layoutAreaBackgroundColor><titleTextColor>#ffffff</titleTextColor><titleBackgroundColor>#000000</titleBackgroundColor><stripeColor>#777777</stripeColor><stripeBorderColor>#777777</stripeBorderColor><footerLinkTextColor>#888888</footerLinkTextColor><menuBackgroundColor>#000000</menuBackgroundColor><menuNormalTextColor>#777777</menuNormalTextColor><menuNormalBackgroundColor>#000000</menuNormalBackgroundColor><menuLineColor>#cccccc</menuLineColor><menuSelectedTextColor>#ffffff</menuSelectedTextColor><menuSelectedBackgroundColor>#777777</menuSelectedBackgroundColor><menuHoverTextColor>#ffffff</menuHoverTextColor><menuHoverBackgroundColor>#777777</menuHoverBackgroundColor><hotspotTitleTextColor>#ffffff</hotspotTitleTextColor><hotspotTextColor>#ffffff</hotspotTextColor><hotspotBackgroundColor>#000000</hotspotBackgroundColor></colorScheme><colorScheme><id>130334</id><name>Gray</name><layoutAreaBackgroundColor>#e5e5e5</layoutAreaBackgroundColor><titleTextColor>#464646</titleTextColor><titleBackgroundColor>#b9b9b9</titleBackgroundColor><stripeColor>#888888</stripeColor><stripeBorderColor>#888888</stripeBorderColor><footerLinkTextColor>#888888</footerLinkTextColor><menuBackgroundColor>#b9b9b9</menuBackgroundColor><menuNormalTextColor>#848484</menuNormalTextColor><menuNormalBackgroundColor>#b9b9b9</menuNormalBackgroundColor><menuLineColor>#464646</menuLineColor><menuSelectedTextColor>#464646</menuSelectedTextColor><menuSelectedBackgroundColor>#888888</menuSelectedBackgroundColor><menuHoverTextColor>#464646</menuHoverTextColor><menuHoverBackgroundColor>#888888</menuHoverBackgroundColor><hotspotTitleTextColor>#000000</hotspotTitleTextColor><hotspotTextColor>#000000</hotspotTextColor><hotspotBackgroundColor>#e5e5e5</hotspotBackgroundColor></colorScheme><colorScheme><id>130337</id><name>Metal</name><layoutAreaBackgroundColor>#ffffff</layoutAreaBackgroundColor><titleTextColor>#f0f0f0</titleTextColor><titleBackgroundColor>#3d5056</titleBackgroundColor><stripeColor>#bec7cc</stripeColor><stripeBorderColor>#bec7cc</stripeBorderColor><footerLinkTextColor>#3d5056</footerLinkTextColor><menuBackgroundColor>#bec7cc</menuBackgroundColor><menuNormalTextColor>#999999</menuNormalTextColor><menuNormalBackgroundColor>#e6e6e8</menuNormalBackgroundColor><menuLineColor>#3d5056</menuLineColor><menuSelectedTextColor>#aa0000</menuSelectedTextColor><menuSelectedBackgroundColor>#bec7cc</menuSelectedBackgroundColor><menuHoverTextColor>#aa0000</menuHoverTextColor><menuHoverBackgroundColor>#bec7cc</menuHoverBackgroundColor><hotspotTitleTextColor>#000000</hotspotTitleTextColor><hotspotTextColor>#000000</hotspotTextColor><hotspotBackgroundColor>#ffffff</hotspotBackgroundColor></colorScheme><colorScheme><id>130338</id><name>Ocean</name><layoutAreaBackgroundColor>#b7dde8</layoutAreaBackgroundColor><titleTextColor>#e1f3f5</titleTextColor><titleBackgroundColor>#2e7093</titleBackgroundColor><stripeColor>#72b7bc</stripeColor><stripeBorderColor>#72b7bc</stripeBorderColor><footerLinkTextColor>#888888</footerLinkTextColor><menuBackgroundColor>#e1f3f5</menuBackgroundColor><menuNormalTextColor>#7ab0cc</menuNormalTextColor><menuNormalBackgroundColor>#e1f3f5</menuNormalBackgroundColor><menuLineColor>#2e7093</menuLineColor><menuSelectedTextColor>#364f86</menuSelectedTextColor><menuSelectedBackgroundColor>#72b7bc</menuSelectedBackgroundColor><menuHoverTextColor>#13587f</menuHoverTextColor><menuHoverBackgroundColor>#72b7bc</menuHoverBackgroundColor><hotspotTitleTextColor>#000000</hotspotTitleTextColor><hotspotTextColor>#000000</hotspotTextColor><hotspotBackgroundColor>#b7dde8</hotspotBackgroundColor></colorScheme><colorScheme><id>130341</id><name>White</name><layoutAreaBackgroundColor>#ffffff</layoutAreaBackgroundColor><titleTextColor>#222222</titleTextColor><titleBackgroundColor>#ffffff</titleBackgroundColor><stripeColor>#999999</stripeColor><stripeBorderColor>#999999</stripeBorderColor><footerLinkTextColor>#888888</footerLinkTextColor><menuBackgroundColor>#dddddd</menuBackgroundColor><menuNormalTextColor>#222222</menuNormalTextColor><menuNormalBackgroundColor>#dddddd</menuNormalBackgroundColor><menuLineColor>#710000</menuLineColor><menuSelectedTextColor>#710000</menuSelectedTextColor><menuSelectedBackgroundColor>#ffffff</menuSelectedBackgroundColor><menuHoverTextColor>#710000</menuHoverTextColor><menuHoverBackgroundColor>#999999</menuHoverBackgroundColor><hotspotTitleTextColor>#000000</hotspotTitleTextColor><hotspotTextColor>#000000</hotspotTextColor><hotspotBackgroundColor>#ffffff</hotspotBackgroundColor></colorScheme></colorSchemes><fontStyles><fontStyle><id>201320</id><name>Arial 14</name><fontFamilyId>1</fontFamilyId><fontSizePx>14</fontSizePx><bold>False</bold><italic>False</italic><underline>False</underline></fontStyle><fontStyle><id>201425</id><name>Arial 18</name><fontFamilyId>1</fontFamilyId><fontSizePx>18</fontSizePx><bold>False</bold><italic>False</italic><underline>False</underline></fontStyle><fontStyle><id>201339</id><name>Arial 24</name><fontFamilyId>1</fontFamilyId><fontSizePx>24</fontSizePx><bold>False</bold><italic>False</italic><underline>False</underline></fontStyle><fontStyle><id>201301</id><name>Arial 24 Bold</name><fontFamilyId>1</fontFamilyId><fontSizePx>24</fontSizePx><bold>True</bold><italic>False</italic><underline>False</underline></fontStyle><fontStyle><id>201336</id><name>Arial 24 Italic</name><fontFamilyId>1</fontFamilyId><fontSizePx>24</fontSizePx><bold>False</bold><italic>True</italic><underline>False</underline></fontStyle><fontStyle><id>201366</id><name>Arial 30</name><fontFamilyId>1</fontFamilyId><fontSizePx>30</fontSizePx><bold>False</bold><italic>False</italic><underline>False</underline></fontStyle><fontStyle><id>201360</id><name>Arial 30 Bold</name><fontFamilyId>1</fontFamilyId><fontSizePx>30</fontSizePx><bold>True</bold><italic>False</italic><underline>False</underline></fontStyle><fontStyle><id>201319</id><name>Arial 50</name><fontFamilyId>1</fontFamilyId><fontSizePx>50</fontSizePx><bold>False</bold><italic>False</italic><underline>False</underline></fontStyle><fontStyle><id>201334</id><name>Comic Sans 20</name><fontFamilyId>4</fontFamilyId><fontSizePx>20</fontSizePx><bold>False</bold><italic>False</italic><underline>False</underline></fontStyle><fontStyle><id>201407</id><name>Comic Sans 30</name><fontFamilyId>4</fontFamilyId><fontSizePx>30</fontSizePx><bold>False</bold><italic>False</italic><underline>False</underline></fontStyle><fontStyle><id>201358</id><name>Comic Sans 30 Bold</name><fontFamilyId>4</fontFamilyId><fontSizePx>30</fontSizePx><bold>True</bold><italic>False</italic><underline>False</underline></fontStyle><fontStyle><id>201345</id><name>Courier New 18</name><fontFamilyId>5</fontFamilyId><fontSizePx>18</fontSizePx><bold>False</bold><italic>False</italic><underline>False</underline></fontStyle><fontStyle><id>201400</id><name>Georgia 24</name><fontFamilyId>7</fontFamilyId><fontSizePx>24</fontSizePx><bold>False</bold><italic>False</italic><underline>False</underline></fontStyle><fontStyle><id>201394</id><name>Palatino 20 Bold</name><fontFamilyId>11</fontFamilyId><fontSizePx>20</fontSizePx><bold>True</bold><italic>False</italic><underline>False</underline></fontStyle><fontStyle><id>201312</id><name>Times 16 Bold Italic</name><fontFamilyId>14</fontFamilyId><fontSizePx>16</fontSizePx><bold>True</bold><italic>True</italic><underline>False</underline></fontStyle><fontStyle><id>201340</id><name>Times 20</name><fontFamilyId>14</fontFamilyId><fontSizePx>20</fontSizePx><bold>False</bold><italic>False</italic><underline>False</underline></fontStyle></fontStyles><markerStyles><markerStyle><id>359131</id><name>Blend - Black/Red</name><lineThickness>0</lineThickness><normalFillColor>#333333</normalFillColor><normalFillColorOpacity>100</normalFillColorOpacity><normalLineColor>#ffffff</normalLineColor><normalLineColorOpacity>0</normalLineColorOpacity><normalEffects>blend</normalEffects><selectedFillColor>#aa0000</selectedFillColor><selectedFillColorOpacity>100</selectedFillColorOpacity><selectedLineColor>#ffffff</selectedLineColor><selectedLineColorOpacity>0</selectedLineColorOpacity><selectedEffects>blend</selectedEffects></markerStyle><markerStyle><id>359025</id><name>Blend - Blue/Red</name><lineThickness>0</lineThickness><normalFillColor>#004894</normalFillColor><normalFillColorOpacity>100</normalFillColorOpacity><normalLineColor>#ffffff</normalLineColor><normalLineColorOpacity>0</normalLineColorOpacity><normalEffects>blend</normalEffects><selectedFillColor>#cc0000</selectedFillColor><selectedFillColorOpacity>100</selectedFillColorOpacity><selectedLineColor>#ffffff</selectedLineColor><selectedLineColorOpacity>100</selectedLineColorOpacity><selectedEffects>blend</selectedEffects></markerStyle><markerStyle><id>358971</id><name>Blend - Gold/Red</name><lineThickness>0</lineThickness><normalFillColor>#ffcf00</normalFillColor><normalFillColorOpacity>100</normalFillColorOpacity><normalLineColor>#ffffff</normalLineColor><normalLineColorOpacity>0</normalLineColorOpacity><normalEffects>blend</normalEffects><selectedFillColor>#aa0000</selectedFillColor><selectedFillColorOpacity>100</selectedFillColorOpacity><selectedLineColor>#ffffff</selectedLineColor><selectedLineColorOpacity>0</selectedLineColorOpacity><selectedEffects>blend</selectedEffects></markerStyle><markerStyle><id>359024</id><name>Blend - Gray/Red</name><lineThickness>0</lineThickness><normalFillColor>#666666</normalFillColor><normalFillColorOpacity>100</normalFillColorOpacity><normalLineColor>#ffffff</normalLineColor><normalLineColorOpacity>0</normalLineColorOpacity><normalEffects>blend</normalEffects><selectedFillColor>#aa0000</selectedFillColor><selectedFillColorOpacity>100</selectedFillColorOpacity><selectedLineColor>#999999</selectedLineColor><selectedLineColorOpacity>100</selectedLineColorOpacity><selectedEffects>blend</selectedEffects></markerStyle><markerStyle><id>358973</id><name>Blend - Light Blue/Dark Blue</name><lineThickness>0</lineThickness><normalFillColor>#a2bbd4</normalFillColor><normalFillColorOpacity>70</normalFillColorOpacity><normalLineColor>#ffffff</normalLineColor><normalLineColorOpacity>0</normalLineColorOpacity><normalEffects>blend</normalEffects><selectedFillColor>#478eb0</selectedFillColor><selectedFillColorOpacity>70</selectedFillColorOpacity><selectedLineColor>#ffffff</selectedLineColor><selectedLineColorOpacity>100</selectedLineColorOpacity><selectedEffects>blend</selectedEffects></markerStyle><markerStyle><id>359027</id><name>Blend - Light Green/Dark Green - Border Green - Shadow</name><lineThickness>0</lineThickness><normalFillColor>#9bbb59</normalFillColor><normalFillColorOpacity>100</normalFillColorOpacity><normalLineColor>#9bbb59</normalLineColor><normalLineColorOpacity>0</normalLineColorOpacity><normalEffects>blend; shadow</normalEffects><selectedFillColor>#005500</selectedFillColor><selectedFillColorOpacity>100</selectedFillColorOpacity><selectedLineColor>#005500</selectedLineColor><selectedLineColorOpacity>5</selectedLineColorOpacity><selectedEffects>blend; shadow</selectedEffects></markerStyle><markerStyle><id>359026</id><name>Blend - Purple/Green</name><lineThickness>0</lineThickness><normalFillColor>#9a5aa4</normalFillColor><normalFillColorOpacity>100</normalFillColorOpacity><normalLineColor>#ffffff</normalLineColor><normalLineColorOpacity>0</normalLineColorOpacity><normalEffects>blend</normalEffects><selectedFillColor>#9bbb59</selectedFillColor><selectedFillColorOpacity>100</selectedFillColorOpacity><selectedLineColor>#ffffff</selectedLineColor><selectedLineColorOpacity>100</selectedLineColorOpacity><selectedEffects>blend</selectedEffects></markerStyle><markerStyle><id>358966</id><name>Blend - Transparent - Border Black/Red</name><lineThickness>2</lineThickness><normalFillColor>#ffffff</normalFillColor><normalFillColorOpacity>0</normalFillColorOpacity><normalLineColor>#000000</normalLineColor><normalLineColorOpacity>100</normalLineColorOpacity><normalEffects>blend</normalEffects><selectedFillColor>#ffffff</selectedFillColor><selectedFillColorOpacity>0</selectedFillColorOpacity><selectedLineColor>#cc0000</selectedLineColor><selectedLineColorOpacity>100</selectedLineColorOpacity><selectedEffects>blend</selectedEffects></markerStyle><markerStyle><id>1642</id><name>Blend - Transparent/Gold</name><lineThickness>0</lineThickness><normalFillColor>#ffffff</normalFillColor><normalFillColorOpacity>0</normalFillColorOpacity><normalLineColor>#ffffff</normalLineColor><normalLineColorOpacity>0</normalLineColorOpacity><selectedFillColor>#ffcf00</selectedFillColor><selectedFillColorOpacity>100</selectedFillColorOpacity><selectedLineColor>#ffffff</selectedLineColor><selectedLineColorOpacity>0</selectedLineColorOpacity><selectedEffects>blend</selectedEffects></markerStyle><markerStyle><id>358978</id><name>Blend - Transparent/Green</name><lineThickness>0</lineThickness><normalFillColor>#ffffff</normalFillColor><normalFillColorOpacity>0</normalFillColorOpacity><normalLineColor>#ffffff</normalLineColor><normalLineColorOpacity>0</normalLineColorOpacity><selectedFillColor>#007700</selectedFillColor><selectedFillColorOpacity>100</selectedFillColorOpacity><selectedLineColor>#ffffff</selectedLineColor><selectedLineColorOpacity>0</selectedLineColorOpacity><selectedEffects>blend</selectedEffects></markerStyle><markerStyle><id>358982</id><name>Blend - Transparent/Red</name><lineThickness>0</lineThickness><normalFillColor>#ffffff</normalFillColor><normalFillColorOpacity>0</normalFillColorOpacity><normalLineColor>#ffffff</normalLineColor><normalLineColorOpacity>0</normalLineColorOpacity><selectedFillColor>#aa0000</selectedFillColor><selectedFillColorOpacity>100</selectedFillColorOpacity><selectedLineColor>#ffffff</selectedLineColor><selectedLineColorOpacity>100</selectedLineColorOpacity><selectedEffects>blend</selectedEffects></markerStyle><markerStyle><id>358983</id><name>Blend - Transparent/Red - Border Red - Shadow</name><lineThickness>2</lineThickness><normalFillColor>#ffffff</normalFillColor><normalFillColorOpacity>0</normalFillColorOpacity><normalLineColor>#aa0000</normalLineColor><normalLineColorOpacity>100</normalLineColorOpacity><selectedFillColor>#aa0000</selectedFillColor><selectedFillColorOpacity>100</selectedFillColorOpacity><selectedLineColor>#aa0000</selectedLineColor><selectedLineColorOpacity>100</selectedLineColorOpacity><selectedEffects>blend;shadow,0xcccccc</selectedEffects></markerStyle><markerStyle><id>358985</id><name>Blend - Transparent/Yellow - Border Gray</name><lineThickness>1</lineThickness><normalFillColor>#ffffff</normalFillColor><normalFillColorOpacity>0</normalFillColorOpacity><normalLineColor>#ffffff</normalLineColor><normalLineColorOpacity>0</normalLineColorOpacity><selectedFillColor>#ffff00</selectedFillColor><selectedFillColorOpacity>100</selectedFillColorOpacity><selectedLineColor>#666666</selectedLineColor><selectedLineColorOpacity>100</selectedLineColorOpacity><selectedEffects>blend</selectedEffects></markerStyle><markerStyle><id>358986</id><name>Opaque - Blue/Gold</name><lineThickness>0</lineThickness><normalFillColor>#004894</normalFillColor><normalFillColorOpacity>100</normalFillColorOpacity><normalLineColor>#ffffff</normalLineColor><normalLineColorOpacity>0</normalLineColorOpacity><selectedFillColor>#ffcf00</selectedFillColor><selectedFillColorOpacity>100</selectedFillColorOpacity><selectedLineColor>#ffffff</selectedLineColor><selectedLineColorOpacity>100</selectedLineColorOpacity></markerStyle><markerStyle><id>358987</id><name>Opaque - Gold/Red</name><lineThickness>0</lineThickness><normalFillColor>#ffcc00</normalFillColor><normalFillColorOpacity>100</normalFillColorOpacity><normalLineColor>#ffffff</normalLineColor><normalLineColorOpacity>0</normalLineColorOpacity><selectedFillColor>#a40000</selectedFillColor><selectedFillColorOpacity>100</selectedFillColorOpacity><selectedLineColor>#ffffff</selectedLineColor><selectedLineColorOpacity>0</selectedLineColorOpacity></markerStyle><markerStyle><id>358988</id><name>Opaque - Gray/Blue</name><lineThickness>0</lineThickness><normalFillColor>#cccccc</normalFillColor><normalFillColorOpacity>100</normalFillColorOpacity><normalLineColor>#999999</normalLineColor><normalLineColorOpacity>0</normalLineColorOpacity><selectedFillColor>#3465a4</selectedFillColor><selectedFillColorOpacity>100</selectedFillColorOpacity><selectedLineColor>#1f497d</selectedLineColor><selectedLineColorOpacity>0</selectedLineColorOpacity></markerStyle><markerStyle><id>358989</id><name>Opaque - Gray/Red - Shadow</name><lineThickness>0</lineThickness><normalFillColor>#666666</normalFillColor><normalFillColorOpacity>100</normalFillColorOpacity><normalLineColor>#ffffff</normalLineColor><normalLineColorOpacity>0</normalLineColorOpacity><selectedFillColor>#aa0000</selectedFillColor><selectedFillColorOpacity>100</selectedFillColorOpacity><selectedLineColor>#999999</selectedLineColor><selectedLineColorOpacity>100</selectedLineColorOpacity><selectedEffects>shadow</selectedEffects></markerStyle><markerStyle><id>358969</id><name>Opaque - Transparent - Border Red</name><lineThickness>2</lineThickness><normalFillColor>#ffffff</normalFillColor><normalFillColorOpacity>0</normalFillColorOpacity><normalLineColor>#ffffff</normalLineColor><normalLineColorOpacity>0</normalLineColorOpacity><selectedFillColor>#ffffff</selectedFillColor><selectedFillColorOpacity>0</selectedFillColorOpacity><selectedLineColor>#ff0000</selectedLineColor><selectedLineColorOpacity>100</selectedLineColorOpacity></markerStyle><markerStyle><id>358991</id><name>Opaque - Transparent/Black</name><lineThickness>0</lineThickness><normalFillColor>#ffffff</normalFillColor><normalFillColorOpacity>0</normalFillColorOpacity><normalLineColor>#ffffff</normalLineColor><normalLineColorOpacity>0</normalLineColorOpacity><selectedFillColor>#000000</selectedFillColor><selectedFillColorOpacity>100</selectedFillColorOpacity><selectedLineColor>#ffffff</selectedLineColor><selectedLineColorOpacity>0</selectedLineColorOpacity></markerStyle><markerStyle><id>358992</id><name>Opaque - Transparent/Gold</name><lineThickness>0</lineThickness><normalFillColor>#ffffff</normalFillColor><normalFillColorOpacity>0</normalFillColorOpacity><normalLineColor>#ffffff</normalLineColor><normalLineColorOpacity>0</normalLineColorOpacity><selectedFillColor>#ffcf00</selectedFillColor><selectedFillColorOpacity>100</selectedFillColorOpacity><selectedLineColor>#ffffff</selectedLineColor><selectedLineColorOpacity>0</selectedLineColorOpacity></markerStyle><markerStyle><id>359002</id><name>Opaque - White/White - Border Red - Shadow</name><lineThickness>2</lineThickness><normalFillColor>#ffffff</normalFillColor><normalFillColorOpacity>100</normalFillColorOpacity><normalLineColor>#000000</normalLineColor><normalLineColorOpacity>0</normalLineColorOpacity><normalEffects>shadow</normalEffects><selectedFillColor>#ffffff</selectedFillColor><selectedFillColorOpacity>100</selectedFillColorOpacity><selectedLineColor>#cc0000</selectedLineColor><selectedLineColorOpacity>100</selectedLineColorOpacity><selectedEffects>shadow</selectedEffects></markerStyle><markerStyle><id>359003</id><name>Transparent</name><lineThickness>0</lineThickness><normalFillColor>#ffffff</normalFillColor><normalFillColorOpacity>0</normalFillColorOpacity><normalLineColor>#ffffff</normalLineColor><normalLineColorOpacity>0</normalLineColorOpacity><selectedFillColor>#ffffff</selectedFillColor><selectedFillColorOpacity>0</selectedFillColorOpacity><selectedLineColor>#ffffff</selectedLineColor><selectedLineColorOpacity>0</selectedLineColorOpacity></markerStyle></markerStyles><symbols><symbol><id>517378</id><name>Arrow 16 Blue</name><key>935754E7F0FDA45D1DF09A0792265746</key><width>13</width><height>16</height></symbol><symbol><id>517379</id><name>Arrow 16 Green</name><key>1C64534CCE9FF6EABE5C85A68B6A9F12</key><width>13</width><height>16</height></symbol><symbol><id>517380</id><name>Arrow 16 Red</name><key>0F2033455BD6AC4D9DA7AE0C41CAA3C1</key><width>13</width><height>16</height></symbol><symbol><id>517381</id><name>Arrow 24 Blue</name><key>1F9A4B93B9CA1B03E92150F994FE6580</key><width>19</width><height>24</height></symbol><symbol><id>517382</id><name>Arrow 24 Green</name><key>142C0A38EB10FE31F22D2D139B04207A</key><width>19</width><height>24</height></symbol><symbol><id>517383</id><name>Arrow 24 Red</name><key>3E1AF61DF739AF5A9E1564E051BC461B</key><width>19</width><height>24</height></symbol><symbol><id>517384</id><name>Arrow 32 Blue</name><key>303E7993A1B89BD660782D3A33878954</key><width>25</width><height>32</height></symbol><symbol><id>517385</id><name>Arrow 32 Green</name><key>5B7474AC251B5642FC7C8556AC56E837</key><width>25</width><height>32</height></symbol><symbol><id>517386</id><name>Arrow 32 Red</name><key>2257A00F0BD22FABE685294E69841DA1</key><width>25</width><height>32</height></symbol><symbol><id>517387</id><name>Arrow 48 Blue</name><key>8ACB97FB8FD10EF1745582C3AA18F83B</key><width>38</width><height>48</height></symbol><symbol><id>517388</id><name>Arrow 48 Green</name><key>50B1BEF3BFC250D10CCA035F6C61E91C</key><width>38</width><height>48</height></symbol><symbol><id>517389</id><name>Arrow 48 Red</name><key>58192DD065E75BA17ECAB0EF6E5A1744</key><width>38</width><height>48</height></symbol><symbol><id>517390</id><name>Arrow 72 Blue</name><key>9F2DC7695966037BB76967E68AECA38B</key><width>58</width><height>72</height></symbol><symbol><id>517391</id><name>Arrow 72 Green</name><key>02E5C7BA86794A035BCAB7C96CA51720</key><width>58</width><height>72</height></symbol><symbol><id>517392</id><name>Arrow 72 Red</name><key>90DB79B5A86C1B5782CB7C06D326AC56</key><width>58</width><height>72</height></symbol><symbol><id>517393</id><name>Camera 24 Black</name><key>6A9D61090DC342014314B6331173AE41</key><width>24</width><height>16</height></symbol><symbol><id>517394</id><name>Camera 24 Blue</name><key>ACED12B72F5B4EEFCBFF4F609DD46042</key><width>24</width><height>16</height></symbol><symbol><id>517395</id><name>Camera 24 Gray</name><key>F6233E2A52FDCAD227049D445906116F</key><width>24</width><height>16</height></symbol><symbol><id>517396</id><name>Camera 24 Red</name><key>9F70B8C0268EB508D43190A55C8E580C</key><width>24</width><height>16</height></symbol><symbol><id>517397</id><name>Camera 32 Black</name><key>552C1FD19F79D783FDA07FA1E4E0F532</key><width>32</width><height>20</height></symbol><symbol><id>517398</id><name>Camera 32 Blue</name><key>C02C48EB372E58F78A05334951155FD3</key><width>32</width><height>20</height></symbol><symbol><id>517399</id><name>Camera 32 Gray</name><key>715FDAA794A1766E939B52DD246A1B99</key><width>32</width><height>20</height></symbol><symbol><id>517400</id><name>Camera 32 Red</name><key>69AE6880FADF7FAC7C6A69A98CDF1C0E</key><width>32</width><height>20</height></symbol><symbol><id>517401</id><name>Camera 48 Black</name><key>251B66CE40AF2C5C229E66CF3AB1E43D</key><width>48</width><height>30</height></symbol><symbol><id>517402</id><name>Camera 48 Blue</name><key>D3FDCCB5FD20E4F882DB97BE66095B3A</key><width>48</width><height>30</height></symbol><symbol><id>517403</id><name>Camera 48 Gray</name><key>36A0E63BA8BC8A74C5FDD3CB7F3B5482</key><width>48</width><height>30</height></symbol><symbol><id>517404</id><name>Camera 48 Red</name><key>70B36CD3E9CB870966CA0B9B775D3153</key><width>48</width><height>30</height></symbol><symbol><id>517405</id><name>Camera 72 Black</name><key>ABEC5BE4D3923FDDEA92ED7D50DEC6DF</key><width>72</width><height>45</height></symbol><symbol><id>517406</id><name>Camera 72 Blue</name><key>8BFF61FAA863D223A9F5EB6D5B9BBFD6</key><width>72</width><height>45</height></symbol><symbol><id>517407</id><name>Camera 72 Gray</name><key>1D573A8040F7D632B1F891DC71B2B4FD</key><width>72</width><height>45</height></symbol><symbol><id>517408</id><name>Camera 72 Red</name><key>0FCC0DE1778D86071A2AE7EB6191E098</key><width>72</width><height>45</height></symbol><symbol><id>517410</id><name>Camera w Arrow 32 Black</name><key>CCCEC4E6A527DBAC941F6A60EAD1DB0E</key><width>32</width><height>32</height></symbol><symbol><id>517409</id><name>Camera w Arrow 32 Gray</name><key>CB428A32C8304391B004375263C08F88</key><width>32</width><height>32</height></symbol><symbol><id>517411</id><name>Camera w Arrow 48 Black</name><key>EA55450FEC2412072C18F942DC5EB2A6</key><width>48</width><height>48</height></symbol><symbol><id>517412</id><name>Camera w Arrow 48 Gray</name><key>E83B48C509136C39E477A9396CF6120B</key><width>48</width><height>48</height></symbol><symbol><id>517413</id><name>Camera w Arrow 72 Black</name><key>6A62D3AA2AD80A0EE0FAC054F1965451</key><width>72</width><height>72</height></symbol><symbol><id>517414</id><name>Camera w Arrow 72 Gray</name><key>A2829E08BF6550376A7B4A0F3EFFBD95</key><width>72</width><height>72</height></symbol><symbol><id>517265</id><name>Dot 16 Blue</name><key>AC1B60B544E19EE97D40912ED36412A0</key><width>16</width><height>16</height></symbol><symbol><id>517266</id><name>Dot 16 Green</name><key>FE755C8D99708B31D8B4520EBFC8B1A3</key><width>16</width><height>16</height></symbol><symbol><id>517267</id><name>Dot 16 Red</name><key>E8E10887ECB657EB8E292B43BFF0E9AA</key><width>16</width><height>16</height></symbol><symbol><id>517268</id><name>Dot 16 Yellow</name><key>9310CE57E0F32EB60AA1D3EAEFA12CE8</key><width>16</width><height>16</height></symbol><symbol><id>517269</id><name>Dot 24 Blue</name><key>65E1A27C4B4FD36106897DFB35C14BA2</key><width>24</width><height>24</height></symbol><symbol><id>517270</id><name>Dot 24 Green</name><key>AA0509CFD0906CE772F16A0EEE406357</key><width>24</width><height>24</height></symbol><symbol><id>517271</id><name>Dot 24 Red</name><key>A31E4527280AE0E6BB91906E6EE1EDE9</key><width>24</width><height>24</height></symbol><symbol><id>517272</id><name>Dot 24 Yellow</name><key>612B2EE3A6BC8FD2F7965022E915912B</key><width>24</width><height>24</height></symbol><symbol><id>517273</id><name>Dot 32 Blue</name><key>654487F3CE4E732C983030FBF74BB9AC</key><width>32</width><height>32</height></symbol><symbol><id>517274</id><name>Dot 32 Green</name><key>99F63E8A38698351255024D9A6B64D2F</key><width>32</width><height>32</height></symbol><symbol><id>517275</id><name>Dot 32 Red</name><key>0FCA6CAF21E4D4072DD98ED6D5761009</key><width>32</width><height>32</height></symbol><symbol><id>517276</id><name>Dot 32 Yellow</name><key>0D7690133FA9125EA1E64D24B8F59A0B</key><width>32</width><height>32</height></symbol><symbol><id>517277</id><name>Dot 48 Blue</name><key>18B6635CF332D8C86C67D86B9F63F8DD</key><width>48</width><height>48</height></symbol><symbol><id>517278</id><name>Dot 48 Green</name><key>8B9DB1DDD7AB278EB93DE53C5B419879</key><width>48</width><height>48</height></symbol><symbol><id>517279</id><name>Dot 48 Red</name><key>EAE4759334927026FC86946B632E0203</key><width>48</width><height>48</height></symbol><symbol><id>517280</id><name>Dot 48 Yellow</name><key>F372351B2225CE634E8B9055AFF7D390</key><width>48</width><height>48</height></symbol><symbol><id>517415</id><name>Flag 16 Black</name><key>A210CBF54B67FA3E9A016326C30C8CD9</key><width>16</width><height>22</height></symbol><symbol><id>517416</id><name>Flag 16 Blue</name><key>EE1887044419FAE3DB237B1267311158</key><width>16</width><height>22</height></symbol><symbol><id>517417</id><name>Flag 16 Gold</name><key>9B59145FD4C1AC4FBA9230D51F73240A</key><width>16</width><height>22</height></symbol><symbol><id>517418</id><name>Flag 16 Green</name><key>11189D1F2214A8DE01EADB536D426F73</key><width>16</width><height>22</height></symbol><symbol><id>517419</id><name>Flag 16 Red</name><key>82C2EDBE0232142538B38B8A915168F4</key><width>16</width><height>22</height></symbol><symbol><id>517420</id><name>Flag 24 Black</name><key>4B2E6666C79792828EF587A956876465</key><width>24</width><height>33</height></symbol><symbol><id>517421</id><name>Flag 24 Blue</name><key>348278A647107BA04735493C870512E2</key><width>24</width><height>33</height></symbol><symbol><id>517422</id><name>Flag 24 Gold</name><key>D0115D843C22E0C259321C9874BC5D3A</key><width>24</width><height>33</height></symbol><symbol><id>517423</id><name>Flag 24 Green</name><key>7F54581F254BD4A2F03FB3F0C8D353DA</key><width>24</width><height>33</height></symbol><symbol><id>517424</id><name>Flag 24 Red</name><key>1EA1F0CDA0F8DCF6B91AA9645C2FC0FD</key><width>24</width><height>33</height></symbol><symbol><id>517425</id><name>Flag 32 Black</name><key>DE926881C109B28F2236BD3BC2B9C194</key><width>32</width><height>43</height></symbol><symbol><id>517426</id><name>Flag 32 Blue</name><key>4EB7BF64ED817F7A29AB8EE4BF2AF75C</key><width>32</width><height>43</height></symbol><symbol><id>517427</id><name>Flag 32 Gold</name><key>4D44389B0AF36394C7896E508B1F52CD</key><width>32</width><height>43</height></symbol><symbol><id>517428</id><name>Flag 32 Green</name><key>FB5454FB43809BFDEDDE6163448DC02B</key><width>32</width><height>43</height></symbol><symbol><id>517429</id><name>Flag 32 Red</name><key>997817EE90BF6CFDF98F528A52969A35</key><width>32</width><height>43</height></symbol><symbol><id>517430</id><name>Flag 48 Black</name><key>0728B276E192654B04983EA8B81FB8DA</key><width>48</width><height>65</height></symbol><symbol><id>517431</id><name>Flag 48 Blue</name><key>0E35B6B951B9FEB565C5FB9677063A53</key><width>48</width><height>65</height></symbol><symbol><id>517432</id><name>Flag 48 Gold</name><key>94FE153BBA2FAA24336CBB47795ADDF5</key><width>48</width><height>65</height></symbol><symbol><id>517433</id><name>Flag 48 Green</name><key>10B68F9182443528C629EE7EB904C1FA</key><width>48</width><height>65</height></symbol><symbol><id>517434</id><name>Flag 48 Red</name><key>9BB71AF31BFE591E30895CC615E5B48E</key><width>48</width><height>65</height></symbol><symbol><id>517435</id><name>Flag 72 Black</name><key>DD75696C7A8ACC3D81B2B9F951EDAC77</key><width>72</width><height>100</height></symbol><symbol><id>517436</id><name>Flag 72 Blue</name><key>8E5F9AC0A55A05822C1D62639C2F2E55</key><width>72</width><height>100</height></symbol><symbol><id>517437</id><name>Flag 72 Gold</name><key>D5FB2D106DD4D689F58BBB6873DACA6C</key><width>72</width><height>100</height></symbol><symbol><id>517438</id><name>Flag 72 Green</name><key>A522A6725F8D05736F7B0CE6D8858A09</key><width>72</width><height>100</height></symbol><symbol><id>517439</id><name>Flag 72 Red</name><key>FE349247557929E29D3AA4F12DA44C13</key><width>72</width><height>100</height></symbol><symbol><id>517440</id><name>House 16 Black</name><key>7364D09348C49D012CB79D67C9C49306</key><width>16</width><height>15</height></symbol><symbol><id>517441</id><name>House 16 Blue</name><key>992F3829E70D89E15E6DC6935855F724</key><width>16</width><height>15</height></symbol><symbol><id>517442</id><name>House 16 Green</name><key>99E232591C2A685920C0E76A961D8CE3</key><width>16</width><height>15</height></symbol><symbol><id>517443</id><name>House 16 Red</name><key>3E3CF1B97E65DB26D8B235C4CDA0EBD7</key><width>16</width><height>15</height></symbol><symbol><id>517444</id><name>House 24 Black</name><key>6D81BA83E8A98460FB99720D33A26B26</key><width>24</width><height>23</height></symbol><symbol><id>517445</id><name>House 24 Blue</name><key>D0B9F3EEE8DC820CC065268CC2C0A891</key><width>24</width><height>23</height></symbol><symbol><id>517446</id><name>House 24 Green</name><key>38061D80D75FB76F375CB5BFD0484EFD</key><width>24</width><height>23</height></symbol><symbol><id>517447</id><name>House 24 Red</name><key>59A68497A3BAE061ABA2AE43DD19A469</key><width>24</width><height>23</height></symbol><symbol><id>517448</id><name>House 32 Black</name><key>56F9500111C8A2963FE8BDA8A24CB1F8</key><width>32</width><height>31</height></symbol><symbol><id>517449</id><name>House 32 Blue</name><key>53AE7DEA097B5241DDE8641746108786</key><width>32</width><height>31</height></symbol><symbol><id>517450</id><name>House 32 Green</name><key>E0FBDD00C782CFB1A34BF1EA3D7FDFB3</key><width>32</width><height>31</height></symbol><symbol><id>517451</id><name>House 32 Red</name><key>2AA293DB8552DD3A90072A8EE417857A</key><width>32</width><height>31</height></symbol><symbol><id>517452</id><name>House 48 Black</name><key>AB5F953A81C76F9EEF53FD14A8E7A81A</key><width>48</width><height>43</height></symbol><symbol><id>517453</id><name>House 48 Blue</name><key>C522FD13AD3C0332F0D1FED8F243C395</key><width>48</width><height>43</height></symbol><symbol><id>517454</id><name>House 48 Green</name><key>C0339A5FE62749C4BED2730EC2A2C853</key><width>48</width><height>43</height></symbol><symbol><id>517455</id><name>House 48 Red</name><key>69D8010264FED1555253FE668DD247E3</key><width>48</width><height>43</height></symbol><symbol><id>517456</id><name>House 72 Black</name><key>18CA0D065679816248E66C421D330EB6</key><width>72</width><height>64</height></symbol><symbol><id>517457</id><name>House 72 Blue</name><key>08EC50D38F4AF232EF05D2D42D0259AF</key><width>72</width><height>64</height></symbol><symbol><id>517458</id><name>House 72 Green</name><key>CA5A6E8F48B864341461868482D74BD9</key><width>72</width><height>64</height></symbol><symbol><id>517459</id><name>House 72 Red</name><key>075F0842BA680B0DC978617256CEF2DA</key><width>72</width><height>64</height></symbol><symbol><id>517230</id><name>Pin 16 Blue</name><key>027A63A61B7208C567FD8ECE53024CCB</key><width>16</width><height>16</height></symbol><symbol><id>517231</id><name>Pin 16 Gray</name><key>DF614D151BB42277360D7BE5E111055D</key><width>16</width><height>16</height></symbol><symbol><id>517232</id><name>Pin 16 Red</name><key>2746403FE2A01F03E2233ACDD16BB660</key><width>16</width><height>16</height></symbol><symbol><id>517233</id><name>Pin 16 Yellow</name><key>8898B039DE4D95FA569D592D8AB30ED4</key><width>16</width><height>16</height></symbol><symbol><id>517234</id><name>Pin 24 Blue</name><key>73D0BA21B7C8F9C8D438C3BC238E3595</key><width>24</width><height>24</height></symbol><symbol><id>517235</id><name>Pin 24 Gray</name><key>94EDCFAA3A4A27B8881584E68AA43FDB</key><width>24</width><height>24</height></symbol><symbol><id>517236</id><name>Pin 24 Green</name><key>5457AA963B4E756FD4F02E4B03EB2391</key><width>24</width><height>24</height></symbol><symbol><id>517237</id><name>Pin 24 Red</name><key>40A479B455DDA08FEAD7A596A3706473</key><width>24</width><height>24</height></symbol><symbol><id>517238</id><name>Pin 24 Yellow</name><key>87B0DB4AF43DDF6D36FE9D08B4972E64</key><width>24</width><height>24</height></symbol><symbol><id>517160</id><name>Pin 32 Blue</name><key>0E8F4E57227A0704F288374B5AE31D83</key><width>32</width><height>32</height></symbol><symbol><id>517239</id><name>Pin 32 Gray</name><key>6C60E9C0F1AE46961368E187EA926C64</key><width>32</width><height>32</height></symbol><symbol><id>517162</id><name>Pin 32 Green</name><key>A95CF69F33D571B6B7A9E398F6B78459</key><width>32</width><height>32</height></symbol><symbol><id>517163</id><name>Pin 32 Red</name><key>BDE97B70D92350476A809063BC304001</key><width>32</width><height>32</height></symbol><symbol><id>517164</id><name>Pin 32 Yellow</name><key>0090CF73D2094DF1C153F1D99B7F0CD2</key><width>32</width><height>32</height></symbol><symbol><id>517240</id><name>Pin 48 Blue</name><key>8B56C3E4DBA7E0431776210B48678AC2</key><width>48</width><height>48</height></symbol><symbol><id>517242</id><name>Pin 48 Gray</name><key>7E7408F681DD509485E11723DD18C6D0</key><width>48</width><height>48</height></symbol><symbol><id>517241</id><name>Pin 48 Green</name><key>1373E412D7067D69F5B8023E6F7504AF</key><width>48</width><height>48</height></symbol><symbol><id>517243</id><name>Pin 48 Red</name><key>687360E325B31084512F067092A2438E</key><width>48</width><height>48</height></symbol><symbol><id>517244</id><name>Pin 48 Yellow</name><key>BC0B031D733ECC90E88AF437FD4A2803</key><width>48</width><height>48</height></symbol><symbol><id>517281</id><name>Square 16 Blue</name><key>E6189BF942D5AC64602E46A704112CAA</key><width>16</width><height>16</height></symbol><symbol><id>517282</id><name>Square 16 Green</name><key>70E41BB0E07B022B7C0F36E454EBCB41</key><width>16</width><height>16</height></symbol><symbol><id>517283</id><name>Square 16 Red</name><key>25DD50B193BDDEF9A282F9D0B77CF9A5</key><width>16</width><height>16</height></symbol><symbol><id>517284</id><name>Square 16 Yellow</name><key>FEB165E558D2A6ED288F067CF2009719</key><width>16</width><height>16</height></symbol><symbol><id>517285</id><name>Square 24 Blue</name><key>D88C604FAA57DBD85E252655D873DC08</key><width>24</width><height>24</height></symbol><symbol><id>517286</id><name>Square 24 Green</name><key>5E7F8C1AA596FB0C7D0366DA1F3B7B00</key><width>24</width><height>24</height></symbol><symbol><id>517287</id><name>Square 24 Red</name><key>2381C1B4B6EF36A7BA776E6CB8835732</key><width>24</width><height>24</height></symbol><symbol><id>517288</id><name>Square 24 Yellow</name><key>87F9B65594656E3B83C3882465EABA7F</key><width>24</width><height>24</height></symbol><symbol><id>517289</id><name>Square 32 Blue</name><key>CB21644B34CCCDDD670EC5B999210ACD</key><width>32</width><height>32</height></symbol><symbol><id>517290</id><name>Square 32 Green</name><key>2D48C179F351BFF8C46DC1519CFDF2DE</key><width>32</width><height>32</height></symbol><symbol><id>517291</id><name>Square 32 Red</name><key>FCBD792658AD90321C2CA606EF710BAA</key><width>32</width><height>32</height></symbol><symbol><id>517292</id><name>Square 32 Yellow</name><key>C036DFB2B5FECF221D0F462E15AD78FE</key><width>32</width><height>32</height></symbol><symbol><id>517293</id><name>Square 48 Blue</name><key>0901B49402A77B33857D20C520148556</key><width>48</width><height>48</height></symbol><symbol><id>517294</id><name>Square 48 Green</name><key>E3093C770E02BF15A0F7240FF67465EA</key><width>48</width><height>48</height></symbol><symbol><id>517295</id><name>Square 48 Red</name><key>94EC093EA38CB73A0AD5CDF0FAF098A2</key><width>48</width><height>48</height></symbol><symbol><id>517296</id><name>Square 48 Yellow</name><key>F126147DE0EE67063BB9CBCA0363D531</key><width>48</width><height>48</height></symbol><symbol><id>517245</id><name>Star 16 Blue</name><key>0833085BCC1AC4858181A9DA75D1C8D6</key><width>16</width><height>16</height></symbol><symbol><id>517246</id><name>Star 16 Gray</name><key>9EF05004809633C3D4E9BE257F4F6F77</key><width>16</width><height>16</height></symbol><symbol><id>517247</id><name>Star 16 Green</name><key>B7B46CA9902854E3846298F9941158A4</key><width>16</width><height>16</height></symbol><symbol><id>517248</id><name>Star 16 Red</name><key>98F863A94B12A77C2CCA93F2FBEB0B43</key><width>16</width><height>16</height></symbol><symbol><id>517249</id><name>Star 16 Yellow</name><key>BD434157E0482622E44079FC8C96F17C</key><width>16</width><height>16</height></symbol><symbol><id>517251</id><name>Star 24 Blue</name><key>2B4F00EC2B3A2B3092E70EE5A481A0C9</key><width>24</width><height>24</height></symbol><symbol><id>517252</id><name>Star 24 Gray</name><key>AE852FB3829CCB4FFC0B3892D061FEFE</key><width>24</width><height>24</height></symbol><symbol><id>517250</id><name>Star 24 Green</name><key>F659777F8F672F120C65AEA2F333A09C</key><width>24</width><height>24</height></symbol><symbol><id>517253</id><name>Star 24 Red</name><key>93A759305AD37C672249B7CF49C2A164</key><width>24</width><height>24</height></symbol><symbol><id>517254</id><name>Star 24 Yellow</name><key>63902E4D3C087FD74F0EA77B4DE6F7BE</key><width>24</width><height>24</height></symbol><symbol><id>517255</id><name>Star 32 Blue</name><key>135FFA87EF0852C8002BC0FF919B40E1</key><width>32</width><height>32</height></symbol><symbol><id>517256</id><name>Star 32 Gray</name><key>041EA5039575EDC4977D521C1BB4DAEE</key><width>32</width><height>32</height></symbol><symbol><id>517257</id><name>Star 32 Green</name><key>9F616B4DD45B44159476DE3631F4A9E5</key><width>32</width><height>32</height></symbol><symbol><id>517258</id><name>Star 32 Red</name><key>E47B3E36FC68DB809795154CD1C1E373</key><width>32</width><height>32</height></symbol><symbol><id>517259</id><name>Star 32 Yellow</name><key>48BB669B963F1AB45EC0ED7C599DA56D</key><width>32</width><height>32</height></symbol><symbol><id>517260</id><name>Star 48 Blue</name><key>0AD4029E6CE0A54AE49A29C3017DD8AA</key><width>48</width><height>48</height></symbol><symbol><id>517261</id><name>Star 48 Gray</name><key>229B6270829786F1C14CE730798D35A8</key><width>48</width><height>48</height></symbol><symbol><id>517262</id><name>Star 48 Green</name><key>459AA0094A0D3585336BCA35B111D675</key><width>48</width><height>48</height></symbol><symbol><id>517263</id><name>Star 48 Red</name><key>DB6292FE4521F5149C55BF6E51C82628</key><width>48</width><height>48</height></symbol><symbol><id>517264</id><name>Star 48 Yellow</name><key>F3358F2EBDA5E67DB2CF314AC2EE4B23</key><width>48</width><height>48</height></symbol><symbol><id>517460</id><name>Star 72 Blue</name><key>3FA00A0E306E76892A5474710B0A1B16</key><width>72</width><height>72</height></symbol><symbol><id>517461</id><name>Star 72 Gold</name><key>E76EBC115A2D5C4F50975478E0402F41</key><width>72</width><height>72</height></symbol><symbol><id>517462</id><name>Star 72 Green</name><key>C0BEE3DCB215A8B30772D089F69F5E93</key><width>72</width><height>72</height></symbol><symbol><id>517463</id><name>Star 72 Red</name><key>E51459FFFDCE882CB2413FCF701CE1F8</key><width>72</width><height>72</height></symbol><symbol><id>517464</id><name>Teardrop 16 Black</name><key>0161AEE93B3422E219737FCAEA0E9D91</key><width>12</width><height>16</height></symbol><symbol><id>517465</id><name>Teardrop 16 Blue</name><key>86E065645EAEFF8F32E8876133568372</key><width>12</width><height>16</height></symbol><symbol><id>517466</id><name>Teardrop 16 Gold</name><key>C4B7760A47B8DE86FBCDB118E779C1C4</key><width>12</width><height>16</height></symbol><symbol><id>517467</id><name>Teardrop 16 Green</name><key>DEA08645315381D82B1DD2E96E7460C4</key><width>12</width><height>16</height></symbol><symbol><id>517468</id><name>Teardrop 16 Purple</name><key>EC7622617F402AEDB32D49E72A5AF6C0</key><width>12</width><height>16</height></symbol><symbol><id>517469</id><name>Teardrop 16 Red</name><key>676DF244AF63040AA2994792061C2538</key><width>12</width><height>16</height></symbol><symbol><id>517470</id><name>Teardrop 16 Teal</name><key>5F7180580148D08F7E31E04E5E0921CB</key><width>12</width><height>16</height></symbol><symbol><id>517471</id><name>Teardrop 24 Black</name><key>4E3054F221470E3B57681C0E26CF31D1</key><width>17</width><height>24</height></symbol><symbol><id>517472</id><name>Teardrop 24 Blue</name><key>6E5952E73B61C2FA6D6186D769EFDA1B</key><width>17</width><height>24</height></symbol><symbol><id>517473</id><name>Teardrop 24 Gold</name><key>D719E44DF8279CA6F6149E12BF55A38C</key><width>17</width><height>24</height></symbol><symbol><id>517474</id><name>Teardrop 24 Green</name><key>A08F89D1577645E1114FD2607F1FD8BD</key><width>17</width><height>24</height></symbol><symbol><id>517475</id><name>Teardrop 24 Purple</name><key>F0B3052FBBDD57C5B07EF05A24DEA04F</key><width>17</width><height>24</height></symbol><symbol><id>517476</id><name>Teardrop 24 Red</name><key>F1F1057EEB55A5B42A3FE7A43DB269DA</key><width>17</width><height>24</height></symbol><symbol><id>517477</id><name>Teardrop 24 Teal</name><key>61E4118F27D02A3ABCD62D1D20E9BB0B</key><width>17</width><height>24</height></symbol><symbol><id>517478</id><name>Teardrop 32 Black</name><key>D6998AD7908189FDD4BFCC12F2C66FF0</key><width>22</width><height>32</height></symbol><symbol><id>517479</id><name>Teardrop 32 Blue</name><key>53E65721473C94EDC53C38BAAAA5C7B0</key><width>22</width><height>32</height></symbol><symbol><id>517480</id><name>Teardrop 32 Gold</name><key>F6DA018961195C1340434CCA12671707</key><width>22</width><height>32</height></symbol><symbol><id>517481</id><name>Teardrop 32 Green</name><key>AB3775C3E0431AFD09507E3521F0996C</key><width>22</width><height>32</height></symbol><symbol><id>517482</id><name>Teardrop 32 Purple</name><key>7BAEB637AA6860055AAA8620038DA625</key><width>22</width><height>32</height></symbol><symbol><id>517483</id><name>Teardrop 32 Red</name><key>F4CBB3D7D3DF841C55606D6DCDB74E0B</key><width>22</width><height>32</height></symbol><symbol><id>517484</id><name>Teardrop 32 Teal</name><key>4E10815D00A8DA6C428F611662D11C4D</key><width>22</width><height>32</height></symbol><symbol><id>517485</id><name>Teardrop 48 Black</name><key>9455628D872AC3D81EEF00C839DC31C9</key><width>33</width><height>48</height></symbol><symbol><id>517502</id><name>Teardrop 48 Blue</name><key>B34057204BE1F97C1F401D99007F2162</key><width>33</width><height>48</height></symbol><symbol><id>517486</id><name>Teardrop 48 Blue transparent</name><key>732E55F87DB2506E983CA4C479F3AF5D</key><width>33</width><height>48</height></symbol><symbol><id>517487</id><name>Teardrop 48 Gold</name><key>8E10C3B3ABF16FB8611392F36AF9B01E</key><width>33</width><height>48</height></symbol><symbol><id>517488</id><name>Teardrop 48 Green</name><key>6E521B749F0798AC1E3390B0E2D81D83</key><width>33</width><height>48</height></symbol><symbol><id>517489</id><name>Teardrop 48 Purple</name><key>D860A9655EE3FAC553BCA17F048A33DA</key><width>33</width><height>48</height></symbol><symbol><id>517490</id><name>Teardrop 48 Red</name><key>2B91301FE5951C6F3AC17EDDB8AE489A</key><width>33</width><height>48</height></symbol><symbol><id>517493</id><name>Teardrop 48 Red transparent</name><key>CBDD5416033DA0A469E5CDE945A27F84</key><width>33</width><height>48</height></symbol><symbol><id>517491</id><name>Teardrop 48 Teal</name><key>BBC9E8530D858EAD7D4424DE6DA3D864</key><width>33</width><height>48</height></symbol><symbol><id>517492</id><name>Teardrop 72 Black</name><key>361FFD6823397D83A1EF97E5689D15C9</key><width>50</width><height>72</height></symbol><symbol><id>517495</id><name>Teardrop 72 Blue</name><key>F880D979D0C3BFB4CD3BC8620E8C28EA</key><width>50</width><height>72</height></symbol><symbol><id>517494</id><name>Teardrop 72 Blue transparent</name><key>B05AB4D70594910177C35B11207B890E</key><width>50</width><height>72</height></symbol><symbol><id>517496</id><name>Teardrop 72 Gold</name><key>D4A52AFC0588E83A77CD5058D9CF8E74</key><width>50</width><height>72</height></symbol><symbol><id>517497</id><name>Teardrop 72 Green</name><key>D5B2D0C56B48C494F6F4933E4E56F29C</key><width>50</width><height>72</height></symbol><symbol><id>517498</id><name>Teardrop 72 Purple</name><key>58D2639CC3E030560DBCBEA85853B0D6</key><width>50</width><height>72</height></symbol><symbol><id>517500</id><name>Teardrop 72 Red</name><key>500B8A8689432D591EB67175C87208A0</key><width>50</width><height>72</height></symbol><symbol><id>517499</id><name>Teardrop 72 Red transparent</name><key>382235E54CCE9424485959EB71E9F04F</key><width>50</width><height>72</height></symbol><symbol><id>517501</id><name>Teardrop 72 Teal</name><key>A0C365B02F4D73EDAC05783B7667095B</key><width>50</width><height>72</height></symbol></symbols><tooltipStyles><tooltipStyle><id>1176</id><name>Arial 14 - Black on Cream</name><fontStyleId>201320</fontStyleId><textColor>#000000</textColor><lineColor>#808080</lineColor><backgroundColor>#fff8dc</backgroundColor><backgroundColorOpacity>100</backgroundColorOpacity><lineThickness>1</lineThickness><padding>6</padding><maxWidth>300</maxWidth></tooltipStyle><tooltipStyle><id>193854</id><name>Arial 14 - Black on Gray</name><fontStyleId>201320</fontStyleId><textColor>#000000</textColor><lineColor>#e8e5d2</lineColor><backgroundColor>#f7f5e7</backgroundColor><backgroundColorOpacity>100</backgroundColorOpacity><lineThickness>1</lineThickness><padding>8</padding><maxWidth>300</maxWidth></tooltipStyle><tooltipStyle><id>193860</id><name>Arial 14 - Light Blue on Dark Blue</name><fontStyleId>201320</fontStyleId><textColor>#e1f3f5</textColor><lineColor>#2e7093</lineColor><backgroundColor>#2e7093</backgroundColor><backgroundColorOpacity>100</backgroundColorOpacity><lineThickness>1</lineThickness><padding>6</padding><maxWidth>300</maxWidth></tooltipStyle><tooltipStyle><id>193874</id><name>Arial 24 - Black on White</name><fontStyleId>201339</fontStyleId><textColor>#000000</textColor><lineColor>#d4d1c0</lineColor><backgroundColor>#ffffff</backgroundColor><backgroundColorOpacity>100</backgroundColorOpacity><lineThickness>1</lineThickness><padding>10</padding><maxWidth>300</maxWidth></tooltipStyle><tooltipStyle><id>193919</id><name>Arial 24 - Red on White</name><fontStyleId>201301</fontStyleId><textColor>#a40000</textColor><lineColor>#808080</lineColor><backgroundColor>#ffffff</backgroundColor><backgroundColorOpacity>100</backgroundColorOpacity><lineThickness>2</lineThickness><padding>6</padding><maxWidth>300</maxWidth></tooltipStyle><tooltipStyle><id>193954</id><name>Arial 30 - Black on White</name><fontStyleId>201366</fontStyleId><textColor>#333333</textColor><lineColor>#333333</lineColor><backgroundColor>#ffffff</backgroundColor><backgroundColorOpacity>100</backgroundColorOpacity><lineThickness>1</lineThickness><padding>8</padding><maxWidth>300</maxWidth></tooltipStyle><tooltipStyle><id>193857</id><name>Comic Sans 20 - Gray on White</name><fontStyleId>201334</fontStyleId><textColor>#3d5056</textColor><lineColor>#bec7cc</lineColor><backgroundColor>#f0f0f0</backgroundColor><backgroundColorOpacity>100</backgroundColorOpacity><lineThickness>1</lineThickness><padding>6</padding><maxWidth>300</maxWidth></tooltipStyle><tooltipStyle><id>193866</id><name>Courier 18 - Black</name><fontStyleId>201345</fontStyleId><textColor>#000000</textColor><lineColor>#000000</lineColor><backgroundColor>#efefef</backgroundColor><backgroundColorOpacity>0</backgroundColorOpacity><lineThickness>1</lineThickness><padding>6</padding><maxWidth>300</maxWidth></tooltipStyle><tooltipStyle><id>193847</id><name>Times 20 - White on Black</name><fontStyleId>201340</fontStyleId><textColor>#ffffff</textColor><lineColor>#666666</lineColor><backgroundColor>#666666</backgroundColor><backgroundColorOpacity>100</backgroundColorOpacity><lineThickness>1</lineThickness><padding>8</padding><maxWidth>300</maxWidth></tooltipStyle></tooltipStyles><markers><marker><id>826518</id><name>Arrow 16 Blue Red</name><markerType>1</markerType><isExclusive>False</isExclusive><normalSymbolId>517378</normalSymbolId><selectedSymbolId>517380</selectedSymbolId><anchorLocationX>-1</anchorLocationX><anchorLocationY>-1</anchorLocationY></marker><marker><id>826565</id><name>Arrow 24 32 Red</name><markerType>1</markerType><isExclusive>False</isExclusive><normalSymbolId>517383</normalSymbolId><selectedSymbolId>517386</selectedSymbolId><anchorLocationX>-1</anchorLocationX><anchorLocationY>-1</anchorLocationY></marker><marker><id>826636</id><name>Arrow 32 Blue Red</name><markerType>1</markerType><isExclusive>False</isExclusive><normalSymbolId>517384</normalSymbolId><selectedSymbolId>517386</selectedSymbolId><anchorLocationX>-1</anchorLocationX><anchorLocationY>-1</anchorLocationY></marker><marker><id>826564</id><name>Arrow 32 Green Blue</name><markerType>1</markerType><isExclusive>False</isExclusive><normalSymbolId>517385</normalSymbolId><selectedSymbolId>517384</selectedSymbolId><anchorLocationX>-1</anchorLocationX><anchorLocationY>-1</anchorLocationY></marker><marker><id>826566</id><name>Arrow 48 Blue Green</name><markerType>1</markerType><isExclusive>False</isExclusive><normalSymbolId>517387</normalSymbolId><selectedSymbolId>517388</selectedSymbolId><anchorLocationX>-1</anchorLocationX><anchorLocationY>-1</anchorLocationY></marker><marker><id>826609</id><name>Arrow 72 Green Red</name><markerType>1</markerType><isExclusive>False</isExclusive><normalSymbolId>517391</normalSymbolId><selectedSymbolId>517392</selectedSymbolId><anchorLocationX>-1</anchorLocationX><anchorLocationY>-1</anchorLocationY></marker><marker><id>826519</id><name>Camera 48 Black Red</name><markerType>1</markerType><isExclusive>False</isExclusive><normalSymbolId>517401</normalSymbolId><selectedSymbolId>517404</selectedSymbolId><anchorLocationX>-1</anchorLocationX><anchorLocationY>-1</anchorLocationY></marker><marker><id>826622</id><name>Camera 72 Blue Red</name><markerType>1</markerType><isExclusive>False</isExclusive><normalSymbolId>517406</normalSymbolId><selectedSymbolId>517408</selectedSymbolId><anchorLocationX>-1</anchorLocationX><anchorLocationY>-1</anchorLocationY></marker><marker><id>826520</id><name>Camera w Arrow 32 Gray Black</name><markerType>1</markerType><isExclusive>False</isExclusive><normalSymbolId>517409</normalSymbolId><selectedSymbolId>517410</selectedSymbolId><anchorLocationX>-1</anchorLocationX><anchorLocationY>-1</anchorLocationY></marker><marker><id>826549</id><name>Dot 16 Blue Red</name><markerType>1</markerType><isExclusive>False</isExclusive><normalSymbolId>517265</normalSymbolId><selectedSymbolId>517267</selectedSymbolId><anchorLocationX>-1</anchorLocationX><anchorLocationY>-1</anchorLocationY></marker><marker><id>826521</id><name>Dot 24 Blue Red</name><markerType>1</markerType><isExclusive>False</isExclusive><normalSymbolId>517269</normalSymbolId><selectedSymbolId>517271</selectedSymbolId><anchorLocationX>-1</anchorLocationX><anchorLocationY>-1</anchorLocationY></marker><marker><id>826550</id><name>Dot 32 Blue Red</name><markerType>1</markerType><isExclusive>False</isExclusive><normalSymbolId>517273</normalSymbolId><selectedSymbolId>517275</selectedSymbolId><anchorLocationX>-1</anchorLocationX><anchorLocationY>-1</anchorLocationY></marker><marker><id>826551</id><name>Dot 48 Blue Red</name><markerType>1</markerType><isExclusive>False</isExclusive><normalSymbolId>517277</normalSymbolId><selectedSymbolId>517279</selectedSymbolId><anchorLocationX>-1</anchorLocationX><anchorLocationY>-1</anchorLocationY></marker><marker><id>826553</id><name>Flag 24 Black Gold</name><markerType>1</markerType><isExclusive>False</isExclusive><normalSymbolId>517420</normalSymbolId><selectedSymbolId>517422</selectedSymbolId><anchorLocationX>2</anchorLocationX><anchorLocationY>30</anchorLocationY></marker><marker><id>826552</id><name>Flag 32 Blue Red</name><markerType>1</markerType><isExclusive>False</isExclusive><normalSymbolId>517426</normalSymbolId><selectedSymbolId>517429</selectedSymbolId><anchorLocationX>3</anchorLocationX><anchorLocationY>39</anchorLocationY></marker><marker><id>826523</id><name>Flag 48 Red Gold</name><markerType>1</markerType><isExclusive>False</isExclusive><normalSymbolId>517434</normalSymbolId><selectedSymbolId>517432</selectedSymbolId><anchorLocationX>4</anchorLocationX><anchorLocationY>60</anchorLocationY></marker><marker><id>826524</id><name>House 32 Blue Red</name><markerType>1</markerType><isExclusive>False</isExclusive><normalSymbolId>517449</normalSymbolId><selectedSymbolId>517451</selectedSymbolId><anchorLocationX>-1</anchorLocationX><anchorLocationY>-1</anchorLocationY></marker><marker><id>826578</id><name>House 48 Black Red</name><markerType>1</markerType><isExclusive>False</isExclusive><normalSymbolId>517452</normalSymbolId><selectedSymbolId>517455</selectedSymbolId><anchorLocationX>-1</anchorLocationX><anchorLocationY>-1</anchorLocationY></marker><marker><id>826093</id><name>Photo - Classic</name><markerType>5</markerType><isExclusive>False</isExclusive><markerStyleId>359002</markerStyleId><photoConstraintId>3</photoConstraintId><photoCaptionPositionId>0</photoCaptionPositionId><photoCropId>0</photoCropId><photoCropFactor>0</photoCropFactor><photoWidth>160</photoWidth><photoHeight>160</photoHeight><photoScale>20</photoScale><photoNormalEffect>0</photoNormalEffect><photoNormalOpacity>100</photoNormalOpacity><photoSelectedEffect>0</photoSelectedEffect><photoSelectedOpacity>100</photoSelectedOpacity><padding>8</padding><rectangleWidth>150</rectangleWidth><rectangleHeight>40</rectangleHeight><shapeType>2</shapeType><scaleShapeToMap>False</scaleShapeToMap><shapeCoords>0,0,215,149</shapeCoords><anchorLocationX>-1</anchorLocationX><anchorLocationY>-1</anchorLocationY><symbolLocationX>-1</symbolLocationX><symbolLocationY>-1</symbolLocationY></marker><marker><id>826103</id><name>Photo - Gray/Blue with Caption</name><markerType>5</markerType><isExclusive>False</isExclusive><fontStyleId>201301</fontStyleId><markerStyleId>358988</markerStyleId><photoConstraintId>3</photoConstraintId><photoCaptionPositionId>2</photoCaptionPositionId><photoCropId>0</photoCropId><photoCropFactor>0</photoCropFactor><photoWidth>160</photoWidth><photoHeight>160</photoHeight><photoScale>20</photoScale><photoNormalEffect>0</photoNormalEffect><photoNormalOpacity>100</photoNormalOpacity><photoSelectedEffect>0</photoSelectedEffect><photoSelectedOpacity>100</photoSelectedOpacity><normalTextColor>#333333</normalTextColor><selectedTextColor>#ffffff</selectedTextColor><padding>8</padding><rectangleWidth>216</rectangleWidth><rectangleHeight>185</rectangleHeight><shapeType>2</shapeType><scaleShapeToMap>False</scaleShapeToMap><shapeCoords>0,0,215,184</shapeCoords><anchorLocationX>-1</anchorLocationX><anchorLocationY>-1</anchorLocationY><symbolLocationX>-1</symbolLocationX><symbolLocationY>-1</symbolLocationY><textAlignH>1</textAlignH><textPadding>8</textPadding></marker><marker><id>826094</id><name>Photo - Modern Black &amp; White</name><markerType>5</markerType><isExclusive>False</isExclusive><markerStyleId>358966</markerStyleId><photoConstraintId>3</photoConstraintId><photoCaptionPositionId>0</photoCaptionPositionId><photoCropId>0</photoCropId><photoCropFactor>0</photoCropFactor><photoWidth>160</photoWidth><photoHeight>160</photoHeight><photoScale>20</photoScale><photoNormalEffect>1</photoNormalEffect><photoNormalOpacity>100</photoNormalOpacity><photoSelectedEffect>0</photoSelectedEffect><photoSelectedOpacity>100</photoSelectedOpacity><padding>8</padding><rectangleWidth>150</rectangleWidth><rectangleHeight>40</rectangleHeight><shapeType>2</shapeType><scaleShapeToMap>False</scaleShapeToMap><shapeCoords>0,0,215,149</shapeCoords><anchorLocationX>-1</anchorLocationX><anchorLocationY>-1</anchorLocationY><symbolLocationX>-1</symbolLocationX><symbolLocationY>-1</symbolLocationY></marker><marker><id>826104</id><name>Photo - No Border</name><markerType>5</markerType><isExclusive>False</isExclusive><markerStyleId>359003</markerStyleId><photoConstraintId>3</photoConstraintId><photoCaptionPositionId>0</photoCaptionPositionId><photoCropId>0</photoCropId><photoCropFactor>0</photoCropFactor><photoWidth>160</photoWidth><photoHeight>160</photoHeight><photoScale>20</photoScale><photoNormalEffect>0</photoNormalEffect><photoNormalOpacity>100</photoNormalOpacity><photoSelectedEffect>0</photoSelectedEffect><photoSelectedOpacity>100</photoSelectedOpacity><padding>6</padding><rectangleWidth>150</rectangleWidth><rectangleHeight>40</rectangleHeight><shapeType>2</shapeType><scaleShapeToMap>False</scaleShapeToMap><shapeCoords>0,0,211,145</shapeCoords><anchorLocationX>-1</anchorLocationX><anchorLocationY>-1</anchorLocationY><symbolLocationX>-1</symbolLocationX><symbolLocationY>-1</symbolLocationY></marker><marker><id>826525</id><name>Pin 16 Gray Red</name><markerType>1</markerType><isExclusive>False</isExclusive><normalSymbolId>517231</normalSymbolId><selectedSymbolId>517232</selectedSymbolId><anchorLocationX>5</anchorLocationX><anchorLocationY>12</anchorLocationY></marker><marker><id>826610</id><name>Pin 24 Blue Red</name><markerType>1</markerType><isExclusive>False</isExclusive><normalSymbolId>517234</normalSymbolId><selectedSymbolId>517237</selectedSymbolId><anchorLocationX>8</anchorLocationX><anchorLocationY>23</anchorLocationY></marker><marker><id>826109</id><name>Pin 32 Blue Red</name><markerType>1</markerType><isExclusive>False</isExclusive><normalSymbolId>517160</normalSymbolId><selectedSymbolId>517163</selectedSymbolId><anchorLocationX>7</anchorLocationX><anchorLocationY>17</anchorLocationY></marker><marker><id>826611</id><name>Pin 48 Green Red</name><markerType>1</markerType><isExclusive>False</isExclusive><normalSymbolId>517241</normalSymbolId><selectedSymbolId>517243</selectedSymbolId><anchorLocationX>13</anchorLocationX><anchorLocationY>36</anchorLocationY></marker><marker><id>826113</id><name>Shape - Circle Large</name><markerType>2</markerType><isExclusive>False</isExclusive><markerStyleId>359024</markerStyleId><rectangleWidth>150</rectangleWidth><rectangleHeight>40</rectangleHeight><circleRadius>100</circleRadius><shapeType>1</shapeType><scaleShapeToMap>False</scaleShapeToMap><shapeCoords>0,0,100</shapeCoords><anchorLocationX>-1</anchorLocationX><anchorLocationY>-1</anchorLocationY></marker><marker><id>826119</id><name>Shape - Circle Medium</name><markerType>2</markerType><isExclusive>False</isExclusive><markerStyleId>358983</markerStyleId><rectangleWidth>150</rectangleWidth><rectangleHeight>40</rectangleHeight><circleRadius>45</circleRadius><shapeType>1</shapeType><scaleShapeToMap>False</scaleShapeToMap><shapeCoords>0,0,45</shapeCoords><anchorLocationX>-1</anchorLocationX><anchorLocationY>-1</anchorLocationY></marker><marker><id>826254</id><name>Shape - Circle Small</name><markerType>2</markerType><isExclusive>False</isExclusive><markerStyleId>358971</markerStyleId><rectangleWidth>150</rectangleWidth><rectangleHeight>40</rectangleHeight><circleRadius>25</circleRadius><shapeType>1</shapeType><scaleShapeToMap>False</scaleShapeToMap><shapeCoords>0,0,25</shapeCoords><anchorLocationX>-1</anchorLocationX><anchorLocationY>-1</anchorLocationY></marker><marker><id>826084</id><name>Shape - Circle X Small</name><markerType>2</markerType><isExclusive>False</isExclusive><markerStyleId>358986</markerStyleId><rectangleWidth>150</rectangleWidth><rectangleHeight>40</rectangleHeight><circleRadius>12</circleRadius><shapeType>1</shapeType><scaleShapeToMap>False</scaleShapeToMap><shapeCoords>0,0,12</shapeCoords><anchorLocationX>-1</anchorLocationX><anchorLocationY>-1</anchorLocationY></marker><marker><id>826120</id><name>Shape - Rectangle Tall</name><markerType>2</markerType><isExclusive>False</isExclusive><markerStyleId>358966</markerStyleId><rectangleWidth>80</rectangleWidth><rectangleHeight>120</rectangleHeight><shapeType>2</shapeType><scaleShapeToMap>False</scaleShapeToMap><shapeCoords>0,0,79,119</shapeCoords><anchorLocationX>-1</anchorLocationX><anchorLocationY>-1</anchorLocationY></marker><marker><id>826143</id><name>Shape - Square Medium</name><markerType>2</markerType><isExclusive>False</isExclusive><markerStyleId>358971</markerStyleId><rectangleWidth>150</rectangleWidth><rectangleHeight>150</rectangleHeight><shapeType>2</shapeType><scaleShapeToMap>False</scaleShapeToMap><shapeCoords>0,0,149,149</shapeCoords><anchorLocationX>-1</anchorLocationX><anchorLocationY>-1</anchorLocationY></marker><marker><id>826263</id><name>Shape - Square Small</name><markerType>2</markerType><isExclusive>False</isExclusive><markerStyleId>359131</markerStyleId><rectangleWidth>75</rectangleWidth><rectangleHeight>75</rectangleHeight><shapeType>2</shapeType><scaleShapeToMap>False</scaleShapeToMap><shapeCoords>0,0,74,74</shapeCoords><anchorLocationX>-1</anchorLocationX><anchorLocationY>-1</anchorLocationY></marker><marker><id>826526</id><name>Square 16 Red Yellow</name><markerType>1</markerType><isExclusive>False</isExclusive><normalSymbolId>517283</normalSymbolId><selectedSymbolId>517284</selectedSymbolId><anchorLocationX>-1</anchorLocationX><anchorLocationY>-1</anchorLocationY></marker><marker><id>826614</id><name>Square 24 Green Blue</name><markerType>1</markerType><isExclusive>False</isExclusive><normalSymbolId>517286</normalSymbolId><selectedSymbolId>517285</selectedSymbolId><anchorLocationX>-1</anchorLocationX><anchorLocationY>-1</anchorLocationY></marker><marker><id>826615</id><name>Square 32 Green Blue</name><markerType>1</markerType><isExclusive>False</isExclusive><normalSymbolId>517290</normalSymbolId><selectedSymbolId>517289</selectedSymbolId><anchorLocationX>-1</anchorLocationX><anchorLocationY>-1</anchorLocationY></marker><marker><id>826527</id><name>Square 48 Green Blue</name><markerType>1</markerType><isExclusive>False</isExclusive><normalSymbolId>517294</normalSymbolId><selectedSymbolId>517293</selectedSymbolId><anchorLocationX>-1</anchorLocationX><anchorLocationY>-1</anchorLocationY></marker><marker><id>826528</id><name>Star 16 Blue Red</name><markerType>1</markerType><isExclusive>False</isExclusive><normalSymbolId>517245</normalSymbolId><selectedSymbolId>517248</selectedSymbolId><anchorLocationX>-1</anchorLocationX><anchorLocationY>-1</anchorLocationY></marker><marker><id>826616</id><name>Star 24 Blue Red</name><markerType>1</markerType><isExclusive>False</isExclusive><normalSymbolId>517251</normalSymbolId><selectedSymbolId>517253</selectedSymbolId><anchorLocationX>-1</anchorLocationX><anchorLocationY>-1</anchorLocationY></marker><marker><id>826617</id><name>Star 48 Blue Red</name><markerType>1</markerType><isExclusive>False</isExclusive><normalSymbolId>517260</normalSymbolId><selectedSymbolId>517263</selectedSymbolId><anchorLocationX>-1</anchorLocationX><anchorLocationY>-1</anchorLocationY></marker><marker><id>826529</id><name>Star 72 Gold Red</name><markerType>1</markerType><isExclusive>False</isExclusive><normalSymbolId>517461</normalSymbolId><selectedSymbolId>517463</selectedSymbolId><anchorLocationX>-1</anchorLocationX><anchorLocationY>-1</anchorLocationY></marker><marker><id>826618</id><name>Teardrop 16 Black Red</name><markerType>1</markerType><isExclusive>False</isExclusive><normalSymbolId>517464</normalSymbolId><selectedSymbolId>517469</selectedSymbolId><anchorLocationX>6</anchorLocationX><anchorLocationY>15</anchorLocationY></marker><marker><id>826530</id><name>Teardrop 24 Purple Teal</name><markerType>1</markerType><isExclusive>False</isExclusive><normalSymbolId>517475</normalSymbolId><selectedSymbolId>517477</selectedSymbolId><anchorLocationX>8</anchorLocationX><anchorLocationY>22</anchorLocationY></marker><marker><id>826619</id><name>Teardrop 32 Blue Green</name><markerType>1</markerType><isExclusive>False</isExclusive><normalSymbolId>517479</normalSymbolId><selectedSymbolId>517481</selectedSymbolId><anchorLocationX>11</anchorLocationX><anchorLocationY>30</anchorLocationY></marker><marker><id>826620</id><name>Teardrop 48 Black Gold</name><markerType>1</markerType><isExclusive>False</isExclusive><normalSymbolId>517485</normalSymbolId><selectedSymbolId>517487</selectedSymbolId><anchorLocationX>16</anchorLocationX><anchorLocationY>46</anchorLocationY></marker><marker><id>826531</id><name>Teardrop 48 Teal Red</name><markerType>1</markerType><isExclusive>False</isExclusive><normalSymbolId>517491</normalSymbolId><selectedSymbolId>517490</selectedSymbolId><anchorLocationX>16</anchorLocationX><anchorLocationY>46</anchorLocationY></marker><marker><id>826621</id><name>Teardrop 72 Blue Red</name><markerType>1</markerType><isExclusive>False</isExclusive><normalSymbolId>517495</normalSymbolId><selectedSymbolId>517500</selectedSymbolId><anchorLocationX>25</anchorLocationX><anchorLocationY>71</anchorLocationY></marker><marker><id>826137</id><name>Text - Circle Large</name><markerType>4</markerType><isExclusive>False</isExclusive><fontStyleId>201407</fontStyleId><markerStyleId>358973</markerStyleId><normalTextColor>#000000</normalTextColor><selectedTextColor>#ffffff</selectedTextColor><rectangleWidth>150</rectangleWidth><rectangleHeight>40</rectangleHeight><circleRadius>75</circleRadius><shapeType>1</shapeType><scaleShapeToMap>False</scaleShapeToMap><shapeCoords>0,0,75</shapeCoords><anchorLocationX>-1</anchorLocationX><anchorLocationY>-1</anchorLocationY><symbolLocationX>-1</symbolLocationX><symbolLocationY>-1</symbolLocationY><textAlignH>1</textAlignH><textAlignV>1</textAlignV><textAutoSize>False</textAutoSize><textPadding>10</textPadding></marker><marker><id>826168</id><name>Text - Circle Small</name><markerType>4</markerType><isExclusive>False</isExclusive><fontStyleId>201358</fontStyleId><markerStyleId>358987</markerStyleId><normalTextColor>#000000</normalTextColor><selectedTextColor>#ffffff</selectedTextColor><rectangleWidth>150</rectangleWidth><rectangleHeight>40</rectangleHeight><circleRadius>25</circleRadius><shapeType>1</shapeType><scaleShapeToMap>False</scaleShapeToMap><shapeCoords>0,0,25</shapeCoords><anchorLocationX>-1</anchorLocationX><anchorLocationY>-1</anchorLocationY><symbolLocationX>-1</symbolLocationX><symbolLocationY>-1</symbolLocationY><textAlignH>1</textAlignH><textAlignV>1</textAlignV><textAutoSize>False</textAutoSize><textPadding>10</textPadding></marker><marker><id>826149</id><name>Text - Rectangle Wide</name><markerType>4</markerType><isExclusive>False</isExclusive><fontStyleId>201366</fontStyleId><markerStyleId>359027</markerStyleId><normalTextColor>#000000</normalTextColor><selectedTextColor>#ffffff</selectedTextColor><rectangleWidth>500</rectangleWidth><rectangleHeight>100</rectangleHeight><shapeType>2</shapeType><scaleShapeToMap>False</scaleShapeToMap><shapeCoords>0,0,499,99</shapeCoords><anchorLocationX>-1</anchorLocationX><anchorLocationY>-1</anchorLocationY><symbolLocationX>-1</symbolLocationX><symbolLocationY>-1</symbolLocationY><textAlignH>1</textAlignH><textAlignV>1</textAlignV><textAutoSize>False</textAutoSize><textPadding>6</textPadding></marker></markers></resources></mapsAlive>